"spkid","pdes","diameter","a","albedo","e","i"
20000001,1,939.4,2.766,0.090,0.0794,10.59
20000002,2,513,2.77,0.155,0.2305,34.92
20000003,3,246.596,2.671,0.214,0.2559,12.99
20000004,4,522.77,2.361,0.4228,0.0901,7.14
20000005,5,106.699,2.577,0.274,0.1874,5.36
20000006,6,185.18,2.426,0.2679,0.2023,14.74
20000007,7,199.83,2.386,0.2766,0.2300,5.52
20000008,8,147.491,2.201,0.226,0.1565,5.89
20000009,9,190,2.386,0.118,0.1226,5.58
20000010,10,407.12,3.144,0.0717,0.1096,3.83
20000011,11,142.887,2.454,0.191,0.0998,4.63
20000012,12,115.087,2.334,0.163,0.2200,8.37
20000013,13,202.636,2.577,0.049,0.0850,16.53
20000014,14,152,2.588,0.159,0.1627,9.13
20000015,15,231.689,2.643,0.248,0.1877,11.76
20000016,16,222,2.922,0.1203,0.1341,3.10
20000017,17,84.899,2.471,0.193,0.1320,5.59
20000018,18,139.594,2.295,0.181,0.2181,10.13
20000019,19,200,2.443,0.037,0.1579,1.57
20000020,20,135.680,2.409,0.241,0.1439,0.71
20000021,21,98,2.434,0.19,0.1648,3.06
20000022,22,167.536,2.91,0.166,0.0989,13.70
20000023,23,107.53,2.629,0.2536,0.2311,10.11
20000024,24,198,3.143,0.067,0.1153,0.74
20000025,25,61.054,2.4,0.350,0.2541,21.61
20000026,26,94.80,2.656,0.1966,0.0885,3.55
20000027,27,96,2.348,0.215,0.1715,1.58
20000028,28,120.90,2.777,0.1763,0.1490,9.42
20000029,29,189.559,2.554,0.216,0.0735,6.08
20000030,30,92.787,2.366,0.192,0.1268,2.09
20000031,31,267.080,3.161,0.053,0.2160,26.32
20000032,32,80.76,2.587,0.2564,0.0816,5.52
20000033,33,52.929,2.875,0.240,0.3323,1.85
20000034,34,132.992,2.686,0.023,0.1068,5.50
20000035,35,103.055,3.009,0.066,0.2178,7.86
20000036,36,132.842,2.745,0.029,0.3064,18.37
20000037,37,108.35,2.643,0.1826,0.1748,3.07
20000038,38,92.255,2.742,0.055,0.1509,6.95
20000039,39,179.484,2.77,0.269,0.1124,10.37
20000040,40,111.251,2.267,0.220,0.0460,4.26
20000041,41,205.495,2.77,0.059,0.2708,15.72
20000042,42,110.997,2.442,0.139,0.2219,8.51
20000043,43,71.340,2.203,0.234,0.1684,3.47
20000044,44,70.64,2.422,0.482,0.1497,3.71
20000045,45,202.327,2.72,0.045,0.0828,6.61
20000046,46,131.471,2.526,0.046,0.1720,2.35
20000047,47,168.174,2.884,0.082,0.1321,4.97
20000048,48,216.473,3.112,0.065,0.0664,6.56
20000049,49,166.252,3.099,0.048,0.2216,3.20
20000050,50,84.074,2.652,0.050,0.2847,2.84
20000051,51,138.159,2.366,0.100,0.0659,9.97
20000052,52,303.918,3.092,0.057,0.1118,7.48
20000053,53,97.262,2.619,0.028,0.2029,5.18
20000054,54,160.120,2.714,0.059,0.1973,11.81
20000055,55,84.794,2.758,0.204,0.1450,7.18
20000056,56,121.333,2.597,0.057,0.2370,8.08
20000057,57,112.59,3.155,0.2149,0.1082,15.23
20000058,58,106.517,2.7,0.044,0.0456,5.07
20000059,59,165.119,2.714,0.044,0.1167,8.65
20000060,60,43.218,2.392,0.373,0.1845,3.60
20000061,61,85.937,2.985,0.203,0.1640,18.20
20000062,62,106.921,3.13,0.048,0.1681,2.24
20000063,63,116.044,2.395,0.125,0.1282,5.77
20000064,64,58.292,2.681,0.483,0.1264,1.31
20000065,65,237.26,3.409,0.0706,0.1274,3.56
20000066,66,71.82,2.646,0.016,0.1722,3.04
20000067,67,56.309,2.423,0.228,0.1850,6.02
20000068,68,122.509,2.782,0.228,0.1843,7.96
20000069,69,138.13,2.978,0.1402,0.1693,8.58
20000070,70,127.911,2.613,0.038,0.1830,11.60
20000071,71,83.42,2.755,0.3052,0.1770,23.24
20000072,72,74.966,2.266,0.083,0.1214,5.42
20000073,73,44.590,2.664,0.223,0.0423,2.37
20000074,74,118.71,2.78,0.0431,0.2363,4.07
20000075,75,62.377,2.675,0.117,0.3045,4.99
20000076,76,145.423,3.409,0.058,0.1676,2.12
20000077,77,61.390,2.668,0.177,0.1336,2.42
20000078,78,120.60,2.623,0.0706,0.2034,8.68
20000079,79,63.479,2.444,0.287,0.1911,4.61
20000080,80,68.563,2.296,0.206,0.1996,8.68
20000081,81,117.727,2.852,0.045,0.2119,7.80
20000082,82,57.621,2.762,0.167,0.2210,2.83
20000083,83,110.503,2.432,0.050,0.0829,4.97
20000084,84,79.16,2.363,0.0527,0.2355,9.31
20000085,85,154.79,2.653,0.0666,0.1932,11.96
20000086,86,109.929,3.106,0.056,0.2172,4.82
20000087,87,253.051,3.48,0.046,0.0942,10.88
20000088,88,232,2.769,0.0671,0.1645,5.23
20000089,89,145.483,2.551,0.189,0.1839,16.12
20000090,90,115.974,3.143,0.058,0.1719,2.21
20000091,91,103.402,2.589,0.048,0.1078,2.10
20000092,92,126.42,3.185,0.2509,0.1050,9.92
20000093,93,154.155,2.753,0.056,0.1427,8.54
20000094,94,204.89,3.154,0.0395,0.0958,7.97
20000095,95,147.969,3.064,0.058,0.1528,13.01
20000096,96,177.774,3.049,0.048,0.1421,15.98
20000097,97,100.717,2.668,0.128,0.2577,11.78
20000098,98,132.788,2.686,0.029,0.1878,15.58
20000099,99,67.354,2.664,0.065,0.1977,13.86
20000100,100,85.734,3.09,0.205,0.1680,6.43
20000101,101,65.84,2.584,0.1898,0.1406,10.19
20000102,102,82.595,2.662,0.051,0.2508,5.17
20000103,103,83.908,2.705,0.217,0.0802,5.42
20000104,104,136.553,3.143,0.052,0.1624,2.79
20000105,105,94.864,2.373,0.032,0.1790,21.45
20000106,106,207.869,3.183,0.044,0.1590,4.58
20000107,107,210.370,3.489,0.059,0.0658,10.00
20000108,108,75.498,3.232,0.148,0.0631,4.21
20000109,109,82.588,2.694,0.036,0.3006,7.84
20000110,110,86.09,2.733,0.1808,0.0793,5.96
20000111,111,126.344,2.593,0.062,0.1034,4.93
20000112,112,69.818,2.434,0.042,0.1280,2.60
20000113,113,50.137,2.376,0.224,0.0861,5.04
20000114,114,94.178,2.675,0.089,0.1388,4.95
20000115,115,79.83,2.38,0.2747,0.1924,11.59
20000116,116,71.70,2.769,0.2560,0.1383,3.56
20000117,117,208.974,2.992,0.027,0.0230,14.92
20000118,118,40.211,2.438,0.245,0.1634,7.75
20000119,119,57.30,2.58,0.2306,0.0820,5.79
20000120,120,155.132,3.123,0.058,0.0490,6.94
20000121,121,209.00,3.456,0.0482,0.1249,7.57
20000122,122,70.676,3.228,0.297,0.0233,1.64
20000123,123,45.209,2.694,0.261,0.1202,6.41
20000124,124,88.648,2.63,0.128,0.0784,2.96
20000125,125,48.418,2.742,0.182,0.0813,4.67
20000126,126,44.82,2.439,0.1723,0.1052,2.92
20000127,127,122,2.756,0.042,0.0633,8.24
20000128,128,162.515,2.75,0.067,0.1272,6.25
20000129,129,113,2.869,0.151,0.2131,12.27
20000130,130,180.652,3.124,0.086,0.2095,22.78
20000131,131,31.337,2.432,0.246,0.0694,4.96
20000132,132,42.87,2.612,0.1990,0.3869,24.98
20000133,133,72.175,3.071,0.279,0.1320,7.21
20000134,134,108,2.563,0.0364,0.1151,11.61
20000135,135,79.24,2.427,0.1436,0.2083,2.30
20000136,136,36.893,2.288,0.201,0.0846,9.58
20000137,137,128.678,3.124,0.065,0.2110,13.43
20000138,138,52.905,2.45,0.273,0.1617,3.20
20000139,139,151.116,2.785,0.052,0.1701,10.87
20000140,140,109.79,2.732,0.0676,0.2173,3.19
20000141,141,117.916,2.667,0.067,0.2131,11.89
20000142,142,54.812,2.42,0.047,0.1328,2.24
20000143,143,95.377,2.762,0.044,0.0724,11.44
20000144,144,142.38,2.653,0.0597,0.2357,4.82
20000145,145,127.783,2.671,0.061,0.1474,12.62
20000146,146,160.310,2.719,0.036,0.0654,13.10
20000147,147,132.93,3.138,0.0492,0.0222,1.93
20000148,148,97.75,2.77,0.1640,0.1880,25.29
20000149,149,23.719,2.175,0.152,0.0650,0.94
20000150,150,119.128,2.983,0.052,0.1236,2.20
20000151,151,39.037,2.591,0.233,0.0360,6.43
20000152,152,58.964,3.137,0.257,0.0826,12.12
20000153,153,170.63,3.97,0.0618,0.1386,7.83
20000154,154,192.611,3.193,0.044,0.0770,21.02
20000155,155,39.605,2.761,0.027,0.2728,11.36
20000156,156,143.346,2.735,0.030,0.2224,9.77
20000157,157,19.959,2.581,0.173,0.1982,12.16
20000158,158,39.025,2.868,0.213,0.0533,1.01
20000159,159,125.236,3.107,0.064,0.0994,6.11
20000160,160,81.24,2.727,0.0625,0.0658,3.82
20000161,161,40.992,2.381,0.230,0.1371,9.05
20000162,162,97.021,3.015,0.051,0.1828,6.09
20000163,163,81.579,2.366,0.033,0.1920,4.82
20000164,164,100.254,2.632,0.029,0.3464,24.48
20000165,165,180.083,3.127,0.047,0.0836,11.23
20000166,166,52.393,2.687,0.046,0.2104,12.02
20000167,167,39.935,2.854,0.223,0.0371,2.22
20000168,168,145.366,3.373,0.056,0.0746,4.67
20000169,169,37.517,2.358,0.188,0.1301,5.50
20000170,170,33.136,2.555,0.282,0.0614,14.36
20000171,171,130.808,3.128,0.076,0.1327,2.55
20000172,172,62.43,2.38,0.1382,0.1143,10.02
20000173,173,125.821,2.741,0.096,0.2097,14.20
20000174,174,64.849,2.858,0.169,0.1453,12.10
20000175,175,94.532,3.186,0.094,0.2316,3.22
20000176,176,106.976,3.179,0.065,0.1719,22.68
20000177,177,69.049,2.77,0.022,0.2342,1.38
20000178,178,35.81,2.461,0.2438,0.0422,1.89
20000179,179,69.946,2.973,0.198,0.1094,7.82
20000180,180,23.440,2.72,0.242,0.1684,0.87
20000181,181,115.383,3.124,0.101,0.2083,18.90
20000182,182,39.520,2.416,0.196,0.1867,2.01
20000183,183,32.927,2.795,0.227,0.3482,26.39
20000184,184,62.483,3.192,0.215,0.0592,1.13
20000185,185,160.464,2.739,0.062,0.1270,23.25
20000186,186,49.99,2.362,0.1929,0.1493,13.18
20000187,187,147.294,2.729,0.044,0.2396,10.58
20000188,188,35.752,2.762,0.242,0.1787,11.70
20000189,189,38.490,2.452,0.170,0.0369,5.17
20000190,190,159,3.995,0.066,0.1683,6.17
20000191,191,94.536,2.897,0.046,0.0871,11.52
20000192,192,98.776,2.403,0.327,0.2454,6.80
20000193,193,26.302,2.599,0.343,0.2985,11.99
20000194,194,161.667,2.617,0.057,0.2372,18.51
20000195,195,93.109,2.878,0.051,0.0388,6.96
20000196,196,144.626,3.113,0.342,0.0142,7.26
20000197,197,31.729,2.74,0.373,0.1626,8.79
20000198,198,54.323,2.459,0.268,0.2273,9.32
20000199,199,76.129,3.161,0.107,0.1833,15.48
20000200,200,128.301,2.737,0.053,0.1331,6.90
20000201,201,85.877,2.68,0.040,0.1794,5.76
20000202,202,86.15,3.068,0.2562,0.1050,8.85
20000203,203,124.592,2.738,0.036,0.0606,3.17
20000204,204,48.566,2.671,0.194,0.1757,8.27
20000205,205,76.983,2.777,0.061,0.0361,10.71
20000206,206,113,2.74,0.057,0.0402,3.78
20000207,207,57.880,2.285,0.058,0.0287,3.80
20000208,208,40.056,2.893,0.206,0.0112,1.74
20000209,209,179.008,3.147,0.028,0.0542,7.17
20000210,210,86.65,2.721,0.0436,0.1235,5.26
20000211,211,141.125,3.047,0.062,0.1547,3.87
20000212,212,136.12,3.118,0.0465,0.1029,4.28
20000213,213,82.096,2.757,0.092,0.1447,6.81
20000214,214,24.957,2.611,1.000,0.0310,3.44
20000215,215,35.210,2.766,0.243,0.0336,1.68
20000216,216,122,2.795,0.1164,0.2505,13.12
20000217,217,65.392,2.868,0.049,0.3097,10.52
20000218,218,60.62,2.667,0.1746,0.1160,15.20
20000219,219,37.674,2.354,0.189,0.2227,10.86
20000220,220,31.738,2.349,0.055,0.2573,7.60
20000221,221,95.469,3.013,0.166,0.1012,10.89
20000222,222,55.350,3.155,0.128,0.1297,2.14
20000223,223,79.806,3.093,0.020,0.1206,1.92
20000224,224,58.236,2.646,0.166,0.0448,5.84
20000225,225,95.934,3.397,0.062,0.2617,20.85
20000226,226,31.494,2.713,0.352,0.2035,15.97
20000227,227,123.891,3.154,0.065,0.1998,9.08
20000228,228,9.30,2.201,0.2082,0.2422,2.54
20000229,229,105.912,3.423,0.035,0.1362,2.08
20000230,230,111.332,2.383,0.164,0.0612,9.45
20000231,231,73.545,2.918,0.068,0.1572,5.09
20000232,232,54.730,2.556,0.031,0.1719,6.06
20000233,233,99.672,2.659,0.094,0.1015,7.69
20000234,234,45.476,2.385,0.205,0.2459,15.38
20000235,235,57.517,2.881,0.177,0.0604,9.03
20000236,236,77.708,2.8,0.156,0.1898,7.70
20000237,237,41.08,2.762,0.2108,0.0742,9.76
20000238,238,155.659,2.906,0.039,0.0918,12.40
20000239,239,37.609,2.965,0.095,0.2358,6.18
20000240,240,87.928,2.663,0.031,0.2090,2.11
20000241,241,168.90,3.046,0.0575,0.1062,5.52
20000242,242,40.802,2.86,0.222,0.1227,11.35
20000243,243,32,2.86,0.262,0.0449,1.13
20000244,244,11.077,2.175,0.256,0.1368,2.85
20000245,245,75.949,3.095,0.228,0.1975,5.18
20000246,246,50.891,2.696,0.193,0.1077,15.62
20000247,247,130.935,2.74,0.064,0.2465,24.95
20000248,248,50.120,2.471,0.062,0.0679,4.07
20000249,249,34.83,2.377,0.0428,0.2170,9.62
20000250,250,120.995,3.142,0.112,0.1369,12.82
20000251,251,27.495,3.099,0.234,0.0934,10.55
20000252,252,65.344,3.161,0.047,0.0659,10.04
20000253,253,52.8,2.646,0.0436,0.2644,6.74
20000254,254,12.467,2.195,0.170,0.1215,4.51
20000255,255,56.939,2.745,0.038,0.0791,9.46
20000256,256,66.634,3.005,0.050,0.0630,13.29
20000257,257,72.66,3.12,0.0545,0.1124,3.61
20000258,258,64.78,2.614,0.1676,0.2050,14.33
20000259,259,174.318,3.133,0.043,0.1299,10.81
20000260,260,101.539,3.452,0.044,0.1069,6.42
20000261,261,50.011,2.331,0.137,0.0904,3.63
20000262,262,14.645,2.552,0.211,0.2120,7.67
20000263,263,23.952,2.886,0.198,0.0805,1.32
20000264,264,62.969,2.799,0.187,0.1352,10.43
20000265,265,22.767,2.421,0.113,0.2662,25.64
20000266,266,109.494,2.804,0.027,0.1544,13.40
20000267,267,55.998,2.772,0.051,0.1025,6.01
20000268,268,144.585,3.091,0.041,0.1370,2.44
20000269,269,50.728,2.613,0.061,0.2164,5.48
20000270,270,51.400,2.199,0.211,0.1503,2.37
20000271,271,65.901,3.003,0.045,0.1038,3.53
20000272,272,26.870,2.777,0.128,0.0297,4.43
20000273,273,29.768,2.394,0.212,0.1614,20.44
20000274,274,27.307,3.05,0.237,0.1153,3.69
20000275,275,103,2.772,0.049,0.1626,4.76
20000276,276,114.723,3.117,0.051,0.0613,21.66
20000277,277,30.422,2.884,0.196,0.0917,1.17
20000278,278,32.773,2.754,0.247,0.1348,7.83
20000279,279,126.59,4.267,0.0412,0.0441,2.33
20000280,280,45.69,2.941,0.0444,0.1114,7.44
20000281,281,11.036,2.188,0.226,0.1323,5.30
20000282,282,39.03,2.339,0.0502,0.0811,9.04
20000283,283,132.385,3.048,0.023,0.1440,7.99
20000284,284,52.95,2.361,0.0602,0.2214,8.05
20000285,285,47.156,3.088,0.050,0.2035,17.61
20000286,286,94.30,3.195,0.0508,0.0232,17.94
20000287,287,59.615,2.353,0.238,0.0236,10.03
20000288,288,28.981,2.759,0.175,0.2059,4.34
20000289,289,37.586,2.875,0.889,0.2020,6.68
20000290,290,9.822,2.337,0.314,0.2585,22.34
20000291,291,10.456,2.222,0.425,0.0928,1.86
20000292,292,30.864,2.53,0.187,0.0328,14.88
20000293,293,57.486,2.862,0.056,0.1019,15.61
20000294,294,51.865,3.155,0.095,0.2326,6.26
20000295,295,28.340,2.799,0.171,0.1674,2.70
20000296,296,8.196,2.228,0.379,0.1605,1.75
20000297,297,39.48,3.169,0.1796,0.1386,7.55
20000298,298,21.135,2.264,0.131,0.0951,6.28
20000299,299,15.757,2.434,0.251,0.0627,1.61
20000300,300,67.373,3.203,0.052,0.0592,0.73
20000301,301,53.042,2.724,0.057,0.0657,4.90
20000302,302,38.53,2.405,0.0524,0.1106,3.41
20000303,303,124.923,3.125,0.034,0.0561,6.88
20000304,304,65.990,2.402,0.047,0.2225,15.85
20000305,305,47.739,3.087,0.238,0.1972,4.45
20000306,306,47.200,2.357,0.201,0.1521,7.28
20000307,307,61.313,2.906,0.043,0.1431,6.13
20000308,308,128.578,2.749,0.047,0.0385,4.36
20000309,309,41.075,2.664,0.056,0.1164,3.71
20000310,310,33.708,2.761,0.115,0.1171,3.17
20000311,311,26.300,2.898,0.322,0.0062,3.22
20000312,312,46.191,2.782,0.230,0.1603,9.03
20000313,313,71.183,2.375,0.044,0.1808,11.64
20000314,314,60.689,3.16,0.043,0.1709,12.51
20000315,315,6.534,2.242,0.217,0.1682,2.43
20000316,316,56.067,3.184,0.061,0.1276,2.35
20000317,317,18.648,2.286,0.926,0.0860,1.77
20000318,318,85,3.199,0.054,0.0858,10.65
20000319,319,49.943,3.409,0.085,0.2143,10.56
20000320,320,23.362,3.012,0.155,0.1155,9.39
20000321,321,27.974,2.886,0.425,0.0471,2.58
20000322,322,69.855,2.784,0.089,0.2442,8.05
20000323,323,27.714,2.382,0.295,0.2997,24.26
20000324,324,220.691,2.682,0.050,0.3406,11.10
20000325,325,75.72,3.218,0.1068,0.1510,8.57
20000326,326,93.00,2.319,0.0368,0.1898,23.70
20000327,327,30.291,2.777,0.214,0.0631,7.13
20000328,328,145.680,3.11,0.025,0.1077,16.13
20000329,329,81.057,2.477,0.039,0.0262,15.88
20000330,330,9.111,2.469,0.256,0.2518,6.76
20000331,331,74.92,3.027,0.0447,0.0954,6.04
20000332,332,40.37,2.773,0.1719,0.0910,2.84
20000333,333,72.199,3.13,0.047,0.1598,3.74
20000334,334,198.770,3.936,0.041,0.0243,4.65
20000335,335,97.109,2.475,0.049,0.1718,5.10
20000336,336,63.356,2.253,0.054,0.0947,5.65
20000337,337,64.549,2.383,0.135,0.1370,7.86
20000338,338,50.506,2.913,0.276,0.0177,6.04
20000339,339,44.329,3.01,0.198,0.1019,9.96
20000340,340,28.025,2.746,0.247,0.1179,4.67
20000341,341,15.830,2.199,0.425,0.1946,5.67
20000342,342,64.266,2.568,0.035,0.1301,7.35
20000343,343,18.213,2.411,0.092,0.2297,3.26
20000344,344,124.181,2.597,0.067,0.3139,18.35
20000345,345,90.243,2.325,0.052,0.0614,9.74
20000346,346,86.447,2.795,0.332,0.1029,8.76
20000347,347,48.615,2.613,0.190,0.1638,11.69
20000348,348,82.82,2.967,0.0448,0.0721,9.76
20000349,349,139.77,2.925,0.3840,0.0887,8.25
20000350,350,128.729,3.11,0.048,0.1610,24.91
20000351,351,39.720,2.764,0.286,0.1567,9.21
20000352,352,26.744,2.194,0.195,0.1492,3.38
20000353,353,14.025,2.736,0.392,0.3276,5.71
20000354,354,148.970,2.8,0.201,0.1118,18.36
20000355,355,24.040,2.537,0.341,0.1066,4.29
20000356,356,145.503,2.755,0.065,0.2421,8.20
20000357,357,124.107,3.148,0.037,0.0777,15.06
20000358,358,90.116,2.877,0.050,0.1519,3.55
20000359,359,43.89,2.729,0.2621,0.1560,6.77
20000360,360,129.125,3.005,0.043,0.1738,11.74
20000361,361,154.334,3.984,0.038,0.2115,12.57
20000362,362,98,2.578,0.052,0.0447,8.06
20000363,363,97,2.746,0.059,0.0731,5.95
20000364,364,25.901,2.22,0.300,0.1493,6.01
20000365,365,86.773,2.803,0.050,0.1555,12.80
20000366,366,86.368,3.15,0.091,0.0585,10.57
20000367,367,21.243,2.219,0.393,0.0952,2.94
20000368,368,69.277,3.073,0.038,0.2052,7.79
20000369,369,73.767,2.648,0.127,0.0986,12.73
20000370,370,38.093,2.324,0.065,0.0904,7.86
20000371,371,52.976,2.726,0.234,0.0627,7.40
20000372,372,173.642,3.162,0.059,0.2526,23.78
20000373,373,98.695,3.121,0.040,0.1374,15.38
20000374,374,44.67,2.78,0.3014,0.0801,8.99
20000375,375,216,3.128,0.037,0.1025,15.94
20000376,376,35.465,2.288,0.321,0.1725,5.43
20000377,377,90.346,2.691,0.060,0.0753,6.68
20000378,378,27.831,2.776,0.339,0.1297,7.01
20000379,379,84.787,3.143,0.046,0.1792,1.67
20000380,380,67.508,2.681,0.066,0.1139,6.16
20000381,381,127.639,3.235,0.064,0.0879,12.58
20000382,382,65.209,3.132,0.129,0.1668,7.39
20000383,383,43.482,3.138,0.040,0.1687,2.66
20000384,384,34.435,2.653,0.192,0.1454,5.59
20000385,385,85.837,2.848,0.242,0.1268,13.58
20000386,386,165.01,2.897,0.0692,0.1692,20.22
20000387,387,100.51,2.737,0.1900,0.2380,18.15
20000388,388,125.754,3.004,0.042,0.0651,6.45
20000389,389,74.378,2.608,0.225,0.0663,8.12
20000390,390,25.688,2.652,0.268,0.1319,12.14
20000391,391,15.751,2.32,0.290,0.3052,23.20
20000392,392,60.750,2.886,0.173,0.1383,14.32
20000393,393,116.191,2.783,0.022,0.3316,14.84
20000394,394,29.970,2.761,0.294,0.2281,6.22
20000395,395,44.189,2.789,0.033,0.0832,3.36
20000396,396,39.242,2.741,0.126,0.1593,2.55
20000397,397,49.032,2.635,0.139,0.2475,12.87
20000398,398,49.771,2.737,0.054,0.2245,9.56
20000399,399,39.566,3.051,0.311,0.0769,13.11
20000400,400,36.001,3.126,0.112,0.1158,10.53
20000401,401,87.803,3.347,0.052,0.0307,5.96
20000402,402,55.421,2.56,0.164,0.1119,11.84
20000403,403,53.574,2.811,0.173,0.0981,9.16
20000404,404,94.970,2.592,0.037,0.2015,14.10
20000405,405,108.894,2.584,0.018,0.2435,11.94
20000406,406,46.266,2.917,0.060,0.1778,4.19
20000407,407,95.07,2.624,0.0548,0.0705,7.52
20000408,408,35.620,3.163,0.221,0.1463,9.09
20000409,409,171.012,2.575,0.054,0.0732,11.29
20000410,410,118.929,2.724,0.043,0.2405,10.96
20000411,411,76.53,2.934,0.0831,0.1142,15.35
20000412,412,96.056,2.762,0.044,0.0410,13.78
20000413,413,34.242,2.583,0.129,0.3422,18.74
20000414,414,88.760,3.502,0.027,0.0743,9.56
20000415,415,83.560,2.791,0.063,0.3007,8.22
20000416,416,85.47,2.794,0.1689,0.2192,12.84
20000417,417,54.874,2.799,0.072,0.1353,6.65
20000418,418,40.330,2.594,0.201,0.1184,6.82
20000419,419,148.701,2.596,0.034,0.2523,3.93
20000420,420,138.699,3.422,0.044,0.0216,6.71
20000421,421,14.119,2.542,0.172,0.2826,7.79
20000422,422,10.714,2.228,0.716,0.2143,4.99
20000423,423,175.859,3.066,0.067,0.0341,11.24
20000424,424,102.565,2.772,0.027,0.1097,8.22
20000425,425,67.925,2.886,0.042,0.0571,4.05
20000426,426,137.562,2.887,0.040,0.1064,19.50
20000427,427,32.193,2.973,0.205,0.1187,5.13
20000428,428,20.184,2.308,0.069,0.1784,6.19
20000429,429,69.62,2.606,0.0430,0.1244,9.54
20000430,430,31.702,2.851,0.054,0.2504,14.55
20000431,431,101.900,3.142,0.055,0.1711,1.83
20000432,432,46.90,2.37,0.2338,0.1453,12.12
20000433,433,16.84,1.458,0.25,0.2227,10.83
20000434,434,8.934,1.944,0.726,0.0740,22.51
20000435,435,34.792,2.45,0.118,0.1545,1.82
20000436,436,58.609,3.199,0.060,0.0704,18.51
20000437,437,13.373,2.386,0.677,0.2493,7.35
20000438,438,58.871,2.554,0.061,0.0673,7.37
20000439,439,70.421,3.132,0.027,0.0672,19.13
20000440,440,13.600,2.21,0.630,0.1071,1.60
20000441,441,65.131,2.805,0.204,0.0822,8.16
20000442,442,62.171,2.345,0.044,0.0706,6.07
20000443,443,25.504,2.216,0.210,0.0398,4.23
20000444,444,159.331,2.771,0.051,0.1735,10.27
20000445,445,87.812,3.195,0.044,0.1979,21.32
20000446,446,53.562,2.787,0.317,0.1247,10.62
20000447,447,85.224,2.984,0.061,0.0458,4.80
20000448,448,50.534,3.134,0.052,0.1869,12.73
20000449,449,85.59,2.551,0.0393,0.1736,3.08
20000450,450,37.038,3.016,0.094,0.0976,10.13
20000451,451,253.900,3.064,0.085,0.0698,15.21
20000452,452,11.563,2.849,0.252,0.0117,3.23
20000453,453,23.985,2.184,0.137,0.1084,5.55
20000454,454,81.743,2.627,0.055,0.1117,6.29
20000455,455,88.792,2.656,0.033,0.2945,12.02
20000456,456,37.713,2.783,0.286,0.1833,14.49
20000457,457,18.739,3.095,0.208,0.1710,12.97
20000458,458,36.698,2.991,0.191,0.2433,12.66
20000459,459,25.784,2.619,0.221,0.2113,10.30
20000460,460,19.689,2.718,0.262,0.1038,4.64
20000461,461,43.603,3.118,0.057,0.1457,1.47
20000462,462,34.274,2.873,0.259,0.0870,3.19
20000463,463,20.908,2.398,0.082,0.2197,13.54
20000464,464,77.056,2.803,0.045,0.2040,10.16
20000465,465,73.34,3.11,0.0433,0.1993,4.66
20000466,466,95.495,3.351,0.092,0.0969,19.02
20000467,467,39.471,2.945,0.037,0.1068,6.45
20000468,468,60.238,3.136,0.057,0.1950,0.44
20000469,469,133.718,3.178,0.035,0.1614,11.45
20000470,470,27.750,2.404,0.148,0.0960,7.23
20000471,471,148.128,2.889,0.164,0.2290,15.02
20000472,472,50.278,2.543,0.189,0.0955,15.82
20000473,473,12.394,2.661,0.138,0.1085,12.94
20000474,474,40.972,2.453,0.041,0.2103,8.80
20000475,475,17.830,2.593,0.057,0.3791,18.95
20000476,476,138.493,2.649,0.035,0.0749,10.93
20000477,477,22.988,2.416,0.246,0.1874,5.29
20000478,478,80.738,3.018,0.174,0.0807,13.18
20000479,479,60.088,2.722,0.071,0.2178,8.68
20000480,480,56.22,2.644,0.2485,0.0444,21.33
20000481,481,101.829,2.74,0.032,0.1574,9.85
20000482,482,45.751,3.005,0.246,0.0952,14.45
20000483,483,66.858,3.425,0.184,0.0504,18.75
20000484,484,30.060,2.668,0.222,0.0569,12.51
20000485,485,63.88,2.751,0.2072,0.1894,13.87
20000486,486,22.781,2.352,0.150,0.1636,11.10
20000487,487,59.046,2.669,0.328,0.0862,10.25
20000488,488,168.117,3.167,0.047,0.1583,11.48
20000489,489,139.39,3.152,0.0427,0.0487,12.99
20000490,490,118.803,3.175,0.059,0.0886,9.29
20000491,491,91.176,3.191,0.037,0.0833,18.87
20000492,492,53.418,3.111,0.069,0.1823,1.61
20000493,493,41.550,3.117,0.081,0.1781,15.17
20000494,494,100.786,2.986,0.065,0.0643,7.08
20000495,495,37.287,2.487,0.062,0.1299,2.28
20000496,496,14.403,2.199,0.193,0.0786,3.79
20000497,497,40.932,2.85,0.119,0.3008,4.82
20000498,498,81.83,2.65,0.0694,0.2240,9.50
20000499,499,77.328,4.015,0.052,0.2174,2.09
20000500,500,40.828,2.614,0.202,0.1448,9.78
